<?xml version="1.0"?>
<doc>
    <assembly>
        <name>testgit.Core</name>
    </assembly>
    <members>
        <member name="M:testgit.WorkflowRunnerService.Main">
            <summary>
            Invokes the Main.xaml
            </summary>
        </member>
        <member name="M:testgit.WorkflowRunnerService.Main(System.Boolean)">
            <summary>
            Invokes the Main.xaml
            </summary>
            <param name="isolated">Indicates whether to isolate executions (run them within a different process)</param>
        </member>
    </members>
</doc>
